quanta_author,quanta_pub_date,quanta_title,arxiv_id,title,authors,original_submission_date,most_recent_update_date,primary_subject,secondary_subject,primary-MSC,secondary_MSC
['Kevin Hartnett'],2023-02-15,"To Teach Computers Math, Researchers Merge AI Approaches",2205.12615,Autoformalization with Large Language Models,"['Staats, Charles', 'Jamnik, Mateja', 'Li, Wenda', 'Wu, Yuhuai', 'Szegedy, Christian', 'Rabe, Markus N.', 'Jiang, Albert Q.']",2022/05/25,2022/05/25,['Machine Learning (cs.LG)'],"['Artificial Intelligence (cs.AI)', 'Logic in Computer Science (cs.LO)', 'Software Engineering (cs.SE)']",[],[]
['Kevin Hartnett'],2023-02-15,"To Teach Computers Math, Researchers Merge AI Approaches",2206.14858,Solving Quantitative Reasoning Problems with Language Models,"['Neyshabur, Behnam', 'Schlag, Imanol', 'Slone, Ambrose', 'Misra, Vedant', 'Michalewski, Henryk', 'Lewkowycz, Aitor', 'Andreassen, Anders', 'Dohan, David', 'Gur-Ari, Guy', 'Dyer, Ethan', 'Wu, Yuhuai', 'Gutman-Solo, Theo', 'Ramasesh, Vinay', 'Anil, Cem']",2022/06/29,2022/07/01,['Computation and Language (cs.CL)'],"['Artificial Intelligence (cs.AI)', 'Machine Learning (cs.LG)']",[],[]
['Leila Sloman'],2023-03-21,Surprise Computer Science Proof Stuns Mathematicians,2302.05537,Strong Bounds for 3-Progressions,"['Meka, Raghu', 'Kelley, Zander']",2023/02/10,2023/02/10,['Number Theory (math.NT)'],['Combinatorics (math.CO)'],[],[]
['Leila Sloman'],2023-03-21,Surprise Computer Science Proof Stuns Mathematicians,2302.07211,The Kelley--Meka bounds for sets free of three-term arithmetic progressions,"['Bloom, Thomas F.', 'Sisask, Olof']",2023/02/14,2023/02/14,['Number Theory (math.NT)'],['Combinatorics (math.CO)'],[],[]
['Steve Nadis'],2023-01-24,Mathematicians Find an Infinity of Possible Black Hole Shapes,2212.06762,Black Lenses in Kaluza-Klein Matter,"['Rainone, Jordan F.', 'Khuri, Marcus A.']",2022/12/13,2022/12/13,['General Relativity and Quantum Cosmology (gr-qc)'],"['High Energy Physics - Theory (hep-th)', 'Differential Geometry (math.DG)']",[],[]
['Steve Nadis'],2023-01-24,Mathematicians Find an Infinity of Possible Black Hole Shapes,2212.06762,Black Lenses in Kaluza-Klein Matter,"['Rainone, Jordan F.', 'Khuri, Marcus A.']",2022/12/13,2022/12/13,['General Relativity and Quantum Cosmology (gr-qc)'],"['High Energy Physics - Theory (hep-th)', 'Differential Geometry (math.DG)']",[],[]
['Steve Nadis'],2023-01-24,Mathematicians Find an Infinity of Possible Black Hole Shapes,2012.00381,On the nonexistence of a vacuum black lens,"['Lucietti, James', 'Tomlinson, Fred']",2020/12/01,2021/01/28,['General Relativity and Quantum Cosmology (gr-qc)'],['High Energy Physics - Theory (hep-th)'],[],[]
['Rebecca Boyle'],2023-01-20,Standard Model of Cosmology Survives JWST’s Surprising Finds,1603.00461,A Remarkably Luminous Galaxy at z=11.1 Measured with Hubble Space Telescope Grism Spectroscopy,"['Gonzalez, V.', 'van Dokkum, P. G.', 'Franx, M.', 'Labbe, I.', 'Ashby, M. L. N.', 'Fazio, G. G.', 'Holden, B.', 'Spitler, L. R.', 'Smit, R.', 'Trenti, M.', 'Brammer, G.', 'Magee, D.', 'Skelton, R. E.', 'Illingworth, G. D.', 'Willner, S. P.', 'Momcheva, I.', 'Bouwens, R. J.', 'Oesch, P. A.']",2016/03/01,2016/03/01,['Astrophysics of Galaxies (astro-ph.GA)'],[],[],[]
['Rebecca Boyle'],2023-01-20,Standard Model of Cosmology Survives JWST’s Surprising Finds,2207.09434,Two Remarkably Luminous Galaxy Candidates at $z\approx10-12$ Revealed by JWST,"['Weibel, Andrea', 'Illingworth, Garth', 'Bezanson, Rachel', 'Tacchella, Sandro', 'Leonova, Ecaterina', 'Setton, David J.', 'Nelson, Erica J.', 'Stefanon, Mauro', 'Oesch, Pascal A.', 'Bouwens, Rychard', 'Matthee, Jorryt', 'Naidu, Rohan P.', 'Magee, Dan', 'Leja, Joel', 'Suess, Katherine A.', 'Conroy, Charlie', 'Weaver, John R.', 'Toft, Sune', 'Strait, Victoria', 'Brammer, Gabriel', 'Labbe, Ivo', 'van Dokkum, Pieter', 'Whitaker, Katherine E.', 'Allen, Natalie', 'Price, Sedona H.']",2022/07/19,2022/10/25,['Astrophysics of Galaxies (astro-ph.GA)'],[],[],[]
['Rebecca Boyle'],2023-01-20,Standard Model of Cosmology Survives JWST’s Surprising Finds,2208.02794,"Schrodinger's Galaxy Candidate: Puzzlingly Luminous at $z\approx17$, or Dusty/Quenched at $z\approx5$?","['Weibel, Andrea', 'Bezanson, Rachel', 'Leonova, Ecaterina', 'van der Wel, Arjen', 'Setton, David J.', 'Bouwens, Rychard J.', 'Dayal, Pratika', 'Johnson, Benjamin D.', 'Brammer, Gabriel B.', 'Marques-Chaves, Rui', 'Stefanon, Mauro', 'Oesch, Pascal A.', 'Bose, Sownak', 'Belli, Sirio', 'Matthee, Jorryt', 'Naidu, Rohan P.', 'Leja, Joel', 'Weaver, John R.', 'Conroy, Charlie', 'Heintz, Kasper E.', 'Toft, Sune', 'Illingworth, Garth D.', 'van Dokkum, Pieter', 'Whitaker, Katherine E.', 'Barrufet, Laia']",2022/08/04,2022/08/04,['Astrophysics of Galaxies (astro-ph.GA)'],[],[],[]
['Rebecca Boyle'],2023-01-20,Standard Model of Cosmology Survives JWST’s Surprising Finds,2210.14915,Has JWST already falsified dark-matter-driven galaxy formation?,"['Zonoozi, Akram Hasani', 'Haghi, Hosein', 'Haslbauer, Moritz', 'Kroupa, Pavel']",2022/10/26,2022/10/26,['Astrophysics of Galaxies (astro-ph.GA)'],['Cosmology and Nongalactic Astrophysics (astro-ph.CO)'],[],[]
['Rebecca Boyle'],2023-01-20,Standard Model of Cosmology Survives JWST’s Surprising Finds,2208.01816,Dusty Starbursts Masquerading as Ultra-high Redshift Galaxies in JWST CEERS Observations,"['Pirzkal, Nor', 'Aretxaga, Itziar', 'Calabro, Antonello', 'Burgarella, Denis', 'Grogin, Norman A.', 'Lotz, Jennifer M.', 'Bagley, Micaela B.', 'Bail, Aurélien Le', 'Yung, L. Y. Aaron', 'Fernández, Vital', 'Bell, Eric F.', 'Dave, Romeel', 'Gardner, Jonathan P.', 'Ciesla, Laure', 'Behroozi, Peter', 'Grazian, Andrea', 'Kurczynski, Peter', 'Leung, Gene C. K.', 'Merlin, Emiliano', ""Jim'enez-Andrade, E. F."", 'Snyder, Gregory F.', 'Somerville, Rachel S.', 'Cooke, Kevin C.', 'Holwerda, Benne W.', 'Jha, Saurabh W.', 'Huertas-Company, Marc', 'Franco, Maximilien', 'Seillé, Lise-Marie', 'Vanderhoof, Brittany N.', 'Perez-Gonzalez, Pablo G.', 'Straughn, Amber N.', 'Vega-Ferrero, Jesús', 'Murphy, E. J.', 'Bisigello, Laura', 'Zavala, Jorge A.', 'Chworowsky, Katherine', 'Hutchison, Taylor A.', 'Koekemoer, Anton M.', 'Dekel, Avishai', 'Jaskot, Anne E.', 'Shen, Lu', 'Freundlich, Jonathan', 'Kirkpatrick, Allison', 'Willmer, Christopher N. A.', 'Hamilton, Timothy S.', 'Finkelstein, Keely D.', 'Haro, Pablo Arrabal', 'Cooray, Asantha R.', 'Morales, Alexa M.', 'Ortiz, Oscar A. Chavez', 'de la Vega, Alexander', 'Cohen, Seth H.', 'García-Argumánez, Ángela', 'Lucas, Ray A.', 'Cleri, Nikko J.', 'Dickinson, Mark', 'Cox, Isabella G.', 'Cooper, M. C.', 'Hirschmann, Michaela', 'Santini, Paola', 'Kartaltepe, Jeyhan S.', 'Champagne, Jaclyn B.', 'Yang, Guang', 'Weiner, Benjamin J.', 'Ryan Jr., Russell E.', 'Almaini, Omar', 'Finkelstein, Steven L.', 'Larson, Rebecca L.', 'Elbaz, David', 'Stanway, Elizabeth R.', 'Kocevski, Dale D.', 'Kewley, Lisa J.', 'Iyer, Kartheik G.', 'Barro, Guillermo', 'Buat, Veronique', 'Castellano, Marco', 'Rafelski, Marc', 'Tacchella, Sandro', 'Teplitz, Harry I.', 'Papovich, Casey', 'Medrano, Aubrey', 'Trump, Jonathan R.', 'Croton, Darren', 'Amorin, Ricardo O.', 'Giavalisco, Mauro', 'Fujimoto, Seiji', 'Wang, Weichen', 'Casey, Caitlin M.', 'Magnelli, Benjamin', 'Costantin, Luca', 'Buitrago, Fernando', 'Mantha, Kameswara Bharadwaj', 'Cole, Justin W.', 'Guo, Yuchen', 'Juneau, Stéphanie', 'Wuyts, Stijn', 'Ravindranath, Swara', 'Mobasher, Bahram', 'Pandya, Viraj', 'Ferguson, Henry C.', 'Newman, Jeffrey A.', 'Matharu, Jasleen', 'McIntosh, Daniel H.', 'Wilkins, Stephen M.', 'Jogee, Shardha', 'Long, Arianna', 'Jung, Intae', 'Rose, Caitlin', 'Gómez-Guijarro, Carlos', 'Annunziatella, Marianna', 'McGrath, Elizabeth J.', 'Backhaus, Bren E.', 'Nicholls, David C.', 'Pentericci, Laura', 'Daddi, Emanuele', 'Kassin, Susan A.', 'Gawiser, Eric', 'Hathi, Nimish P.', 'Fontana, Adriano', 'Simons, Raymond C.', 'Estrada-Carpenter, Vicente', 'Ronayne, Kaila', 'Bhatawdekar, Rachana', 'Shah, Ekta A.']",2022/08/03,2023/01/30,['Astrophysics of Galaxies (astro-ph.GA)'],[],[],[]
['Rebecca Boyle'],2023-01-20,Standard Model of Cosmology Survives JWST’s Surprising Finds,2212.04480,Discovery and properties of the earliest galaxies with confirmed distances,"['Kumari, N.', 'Sun, F.', 'Lyu, J.', 'Topping, M.', 'Looser, T. J.', 'Rieke, M.', 'Willmer, C. N. A.', 'Rieke, G.', 'Whitler, L.', 'Cameron, A. J.', 'Stark, D. P.', 'Helton, J. M.', 'Eisenstein, D. J.', 'Hviding, R. E.', 'Rix, H. -W.', 'Curti, M.', 'Wallace, I. E. B.', 'Smit, R.', 'Saxena, A.', 'Endsley, R.', 'Tacchella, S.', 'Sandles, L.', 'Übler, H.', 'Alberts, S.', 'Bonaventura, N.', 'Chevallard, J.', 'Egami, E.', 'Hausen, R.', 'Carniani, S.', 'Bunker, A.', 'Maiolino, R.', 'Chen, Z.', 'Curtis-Lake, E.', 'Boyett, K.', 'Florian, M.', ""D'Eugenio, F."", 'Rawle, T.', 'Maseda, M. V.', 'Robertson, B. E.', 'Ji, Z.', 'Johnson, B. D.', 'Lützgendorf, N.', 'Nelson, E.', 'Suess, K. A.', 'de Graaff, A.', 'Williams, C. C.', 'Charlot, S.', 'Witstok, J.', 'Jakobsen, P.', 'Hainline, K.', 'Dressler, A.', 'Baum, S.', 'Bhatawdekar, R.', 'Arribas, S.', 'Willott, C.', 'Shivaei, I.']",2022/12/08,2022/12/08,['Astrophysics of Galaxies (astro-ph.GA)'],['Cosmology and Nongalactic Astrophysics (astro-ph.CO)'],[],[]
['Rebecca Boyle'],2023-01-20,Standard Model of Cosmology Survives JWST’s Surprising Finds,2212.12804,Can Cosmological Simulations Reproduce the Spectroscopically Confirmed Galaxies Seen at $z\geq 10$?,"['Keller, B. W.', 'Tremmel, M.', 'Trebitsch, M.', 'Munshi, F.']",2022/12/24,2023/03/06,['Astrophysics of Galaxies (astro-ph.GA)'],[],[],[]
['Zack Savitsky'],2023-03-13,Shadows in the Big Bang Afterglow Reveal Invisible Cosmic Structures,2301.10764,Extragalactic CO emission lines in the CMB experiments: a forgotten signal and a foreground,"['Gkogkou, Athanasia', 'Li, Zack', 'Pullen, Anthony R.', 'Maniyar, Abhishek S.', 'Lagache, Guilaine', 'Coulton, William R.']",2023/01/25,2023/01/25,['Cosmology and Nongalactic Astrophysics (astro-ph.CO)'],['Astrophysics of Galaxies (astro-ph.GA)'],[],[]
['Leila Sloman'],2023-01-12,"In a Moment, Mathematicians Merge Probability and Number Theory",2210.06279,The moment problem for random objects in a category,"['Wood, Melanie Matchett', 'Sawin, Will']",2022/10/12,2022/10/12,['Probability (math.PR)'],['Category Theory (math.CT)'],[],[]
['Leila Sloman'],2023-01-12,"In a Moment, Mathematicians Merge Probability and Number Theory",2007.12533,Cohen-Lenstra heuristics and bilinear pairings in the presence of roots of unity,"['Tsimerman, Jacob', 'Sawin, Will', 'Lipnowski, Michael']",2020/07/24,2020/07/24,['Number Theory (math.NT)'],[],[],[]
['Leila Sloman'],2023-01-12,"In a Moment, Mathematicians Merge Probability and Number Theory",1907.05002,A predicted distribution for Galois groups of maximal unramified extensions,"['Wood, Melanie Matchett', 'Liu, Yuan', 'Zureick-Brown, David']",2019/07/11,2022/07/21,['Number Theory (math.NT)'],[],[],[]
['Leila Sloman'],2023-01-12,"In a Moment, Mathematicians Merge Probability and Number Theory",2301.00791,Conjectures for distributions of class groups of extensions of number fields containing roots of unity,"['Wood, Melanie Matchett', 'Sawin, Will']",2023/01/02,2023/01/02,['Number Theory (math.NT)'],[],[],[]
['Ben Brubaker'],2023-01-18,"Finally, a Fast Algorithm for Shortest Paths on Negative Graphs",2203.03456,Negative-Weight Single-Source Shortest Paths in Near-linear Time,"['Wulff-Nilsen, Christian', 'Bernstein, Aaron', 'Nanongkai, Danupon']",2022/03/07,2022/10/30,['Data Structures and Algorithms (cs.DS)'],[],[],[]
['Ben Brubaker'],2023-01-18,"Finally, a Fast Algorithm for Shortest Paths on Negative Graphs",2004.04496,Near-Optimal Decremental SSSP in Dense Weighted Digraphs,"['Wulff-Nilsen, Christian', 'Bernstein, Aaron', 'Gutenberg, Maximilian Probst']",2020/04/09,2020/09/04,['Data Structures and Algorithms (cs.DS)'],[],[],[]
['Max G. Levy'],2023-02-01,Machines Learn Better if We Teach Them the Basics,2210.00066,Improving Policy Learning via Language Dynamics Distillation,"['Rocktäschel, Tim', 'Zettlemoyer, Luke', 'Zhong, Victor', 'Grefenstette, Edward', 'Mu, Jesse']",2022/09/30,2022/09/30,['Machine Learning (cs.LG)'],"['Artificial Intelligence (cs.AI)', 'Computation and Language (cs.CL)']",[],[]
['Max G. Levy'],2023-02-01,Machines Learn Better if We Teach Them the Basics,2110.10661,SILG: The Multi-environment Symbolic Interactive Language Grounding Benchmark,"['Zettlemoyer, Luke', 'Zhong, Victor', 'Wang, Sida I.', 'Narasimhan, Karthik', 'Hanjie, Austin W.']",2021/10/20,2022/01/24,['Computation and Language (cs.CL)'],"['Artificial Intelligence (cs.AI)', 'Machine Learning (cs.LG)']",[],[]
['Max G. Levy'],2023-02-01,Machines Learn Better if We Teach Them the Basics,2206.08853,MineDojo: Building Open-Ended Embodied Agents with Internet-Scale Knowledge,"['Huang, De-An', 'Mandlekar, Ajay', 'Zhu, Haoyi', 'Anandkumar, Anima', 'Fan, Linxi', 'Zhu, Yuke', 'Wang, Guanzhi', 'Jiang, Yunfan', 'Tang, Andrew', 'Yang, Yuncong']",2022/06/17,2022/11/22,['Machine Learning (cs.LG)'],"['Artificial Intelligence (cs.AI)', 'Computation and Language (cs.CL)', 'Computer Vision and Pattern Recognition (cs.CV)']",[],[]
['Max G. Levy'],2023-02-01,Machines Learn Better if We Teach Them the Basics,2206.13074,Leveraging Language for Accelerated Learning of Tool Manipulation,"['Yang, Tsung-Yen', 'Majumdar, Anirudha', 'Ren, Allen Z.', 'Govil, Bharat', 'Narasimhan, Karthik']",2022/06/27,2022/06/27,['Robotics (cs.RO)'],"['Artificial Intelligence (cs.AI)', 'Machine Learning (cs.LG)']",[],[]
['Katie McCormick'],2023-02-27,Strange Solar Gamma Rays Discovered at Even Higher Energies,2212.00815,The TeV Sun Rises: Discovery of Gamma rays from the Quiescent Sun with HAWC,"['Wang, X.', 'Zhou, B.', 'Solares, H. A. Ayala', 'Fleischhack, H.', 'Miranda-Romagnoli, P.', 'Willox, E.', 'Luis-Raya, G.', 'Alvarez, C.', 'Morales-Soto, J. A.', 'Linden, T.', 'Urena-Mena, F.', 'Linnemann, J. T.', 'Malone, K.', 'Son, Y.', 'Hernandez, S.', 'Carraminana, A.', 'Gonzalez, M. M.', 'Harding, J. P.', 'Goodman, J. A.', 'Joshi, V.', 'Beacom, J. F.', 'Capistran, T.', 'Espinoza, C.', 'Cotti, U.', 'Fan, K. L.', 'Fraija, N.', 'Martinez-Castro, J.', 'Perez-Perez, E. G.', 'Martinez, O.', 'Rho, C. D.', 'Salazar-Gallegos, D.', 'Smith, A. J.', 'Hernandez, R. Diaz', 'Olivera-Nieto, L.', 'Moreno, E.', 'Mostafa, M.', 'DuVernois, M. A.', 'Matthews, J. A.', 'Nisa, M. U.', 'Schneider, M.', 'Rojas, D. Avila', 'Kaufmann, S.', 'Alonso, M. Fernandez', 'Arteaga-Velazquez, J. C.', 'Cotzomi, J.', 'Sandoval, A.', 'Casanova, S.', 'Ellsworth, R. W.', 'Turner, R.', 'Ruiz-Velasco, E.', 'Ng, K. C. Y.', 'Huang, D.', 'Longinotti, A. L.', 'Nayerhoda, A.', 'Omodei, N.', 'Alfaro, R.', 'Torres, I.', 'Diaz-Velez, J. C.', 'Durocher, M.', 'Watson, I. J.', 'Garcia-Gonzalez, J. A.', 'Nellen, L.', 'Babu, R.', 'de Leon, S. Coutino', 'Rosa-Gonzalez, D.', 'Tibolla, O.', 'Tollefson, K.', 'Noriega-Papaqui, R.', 'Salazar, H.', 'Springer, R. W.', 'Lee, J.', 'Torres-Escobedo, R.', 'Huntemeyer, P.', 'Peter, A. H. G.', 'Serna-Franco, J.']",2022/12/01,2022/12/01,['High Energy Astrophysical Phenomena (astro-ph.HE)'],"['Solar and Stellar Astrophysics (astro-ph.SR)', 'High Energy Physics - Experiment (hep-ex)']",[],[]
['Ben Brubaker'],2023-01-25,The Computer Scientist Who Finds Life Lessons in Board Games,2106.02114,Winning the War by (Strategically) Losing Battles: Settling the Complexity of Grundy-Values in Undirected Geography,"['Burke, Kyle', 'Teng, Shanghua', 'Ferland, Matthew']",2021/06/03,2021/06/03,['Computational Complexity (cs.CC)'],"['Artificial Intelligence (cs.AI)', 'Discrete Mathematics (cs.DM)', 'Data Structures and Algorithms (cs.DS)', 'Combinatorics (math.CO)']",91A46,[]
['Kevin Hartnett'],2023-01-03,"Long Out of Math, an AI Programmer Cracks a Pure Math Problem",2211.09055,A constant lower bound for the union-closed sets conjecture,"['Gilmer, Justin']",2022/11/16,2022/11/28,['Combinatorics (math.CO)'],[],[],[]
['Kevin Hartnett'],2023-01-03,"Long Out of Math, an AI Programmer Cracks a Pure Math Problem",2211.11689,Approximate union closed conjecture,"['Chase, Zachary', 'Lovett, Shachar']",2022/11/21,2022/11/21,['Combinatorics (math.CO)'],[],[],[]
['Kevin Hartnett'],2023-01-03,"Long Out of Math, an AI Programmer Cracks a Pure Math Problem",2211.11731,Improved Lower Bound for Frankl's Union-Closed Sets Conjecture,"['Sellke, Mark', 'Alweiss, Ryan', 'Huang, Brice']",2022/11/21,2022/12/02,['Combinatorics (math.CO)'],[],[],[]
['Kevin Hartnett'],2023-01-03,"Long Out of Math, an AI Programmer Cracks a Pure Math Problem",2211.11504,An improved lower bound for the union-closed set conjecture,"['Sawin, Will']",2022/11/21,2022/11/21,['Combinatorics (math.CO)'],[],[],[]
['Kevin Hartnett'],2023-01-03,"Long Out of Math, an AI Programmer Cracks a Pure Math Problem",2212.00658,Dimension-Free Bounds for the Union-Closed Sets Conjecture,"['Yu, Lei']",2022/12/01,2022/12/01,['Combinatorics (math.CO)'],['Information Theory (cs.IT)'],[],[]
['Kevin Hartnett'],2023-01-03,"Long Out of Math, an AI Programmer Cracks a Pure Math Problem",2211.13139,Extension of a Method of Gilmer,"['Pebody, Luke']",2022/11/23,2022/11/23,['Combinatorics (math.CO)'],[],[],[]
['Kevin Hartnett'],2023-01-03,"Long Out of Math, an AI Programmer Cracks a Pure Math Problem",2211.12401,Note: a counterexample to a conjecture of Gilmer which would imply the union-closed conjecture,"['Ellis, David']",2022/11/22,2022/11/22,['Combinatorics (math.CO)'],[],05D05,[]
['Leila Sloman'],2023-02-02,Mathematicians Prove This Knot Cannot Solve Major Problem,2207.14187,"The $(2,1)$-cable of the figure-eight knot is not smoothly slice","['Kang, Sungkyung', 'Park, JungHwan', 'Dai, Irving', 'Mallick, Abhishek', 'Stoffregen, Matthew']",2022/07/28,2022/07/28,['Geometric Topology (math.GT)'],[],"57K18, 57M12",[]
['Leila Sloman'],2023-02-02,Mathematicians Prove This Knot Cannot Solve Major Problem,2201.07299,Knot Floer homology and surgery on equivariant knots,"['Mallick, Abhishek']",2022/01/18,2022/01/18,['Geometric Topology (math.GT)'],[],"57M27, 57R58, 57R55",[]
['Leila Sloman'],2023-02-02,Mathematicians Prove This Knot Cannot Solve Major Problem,2201.01875,Equivariant knots and knot Floer homology,"['Mallick, Abhishek', 'Stoffregen, Matthew', 'Dai, Irving']",2022/01/06,2022/03/22,['Geometric Topology (math.GT)'],[],"57K18, 57R58, 57R55",[]
['Leila Sloman'],2023-03-15,Coloring by Numbers Reveals Arithmetic Patterns in Fractions,2210.12290,Monochromatic products and sums in the rationals,"['Bowen, Matt', 'Sabok, Marcin']",2022/10/21,2022/10/21,['Combinatorics (math.CO)'],"['Dynamical Systems (math.DS)', 'Logic (math.LO)', 'Number Theory (math.NT)']",[],[]
['Jordana Cepelewicz'],2023-03-09,Long-Sought Math Proof Unlocks More Mysterious ‘Modular Forms’,2109.09040,The Unbounded Denominators Conjecture,"['Dimitrov, Vesselin', 'Tang, Yunqing', 'Calegari, Frank']",2021/09/19,2022/03/18,['Number Theory (math.NT)'],[],[],[]
['Jordana Cepelewicz'],2023-03-09,Long-Sought Math Proof Unlocks More Mysterious ‘Modular Forms’,1201.6644,Congruence Property In Conformal Field Theory,"['Dong, Chongying', 'Ng, Siu-Hung', 'Lin, Xingjun']",2012/01/31,2015/10/27,['Quantum Algebra (math.QA)'],"['High Energy Physics - Theory (hep-th)', 'Mathematical Physics (math-ph)', 'Category Theory (math.CT)', 'Representation Theory (math.RT)']","17B69, 18D10, 20H05, 81R05, 81R50",[]
['Lyndie Chiou'],2023-02-08,What Lights the Universe’s Standard Candles?,1409.3568,The Initiation and Propagation of Helium Detonations in White Dwarf Envelopes,"['Shen, Ken J.', 'Moore, Kevin']",2014/09/11,2014/10/16,['High Energy Astrophysical Phenomena (astro-ph.HE)'],['Solar and Stellar Astrophysics (astro-ph.SR)'],[],[]
['Lyndie Chiou'],2023-02-08,What Lights the Universe’s Standard Candles?,1804.11163,Three Hypervelocity White Dwarfs in Gaia DR2: Evidence for Dynamically Driven Double-Degenerate Double-Detonation Type Ia Supernovae,"['Andrews, Jennifer E.', 'Badenes, Carles', 'Foley, Ryan J.', 'Shen, Ken J.', 'Gänsicke, Boris T.', 'Williams, Brian J.', 'Kotze, Marissa M.', 'Fraser, Morgan', 'Toonen, Silvia', 'Chomiuk, Laura', 'Townsley, Dean M.', 'Strader, Jay', 'Guillochon, James', 'Siebert, Matthew R.', 'Maguire, Kate', 'Pakmor, Rüdiger', 'Jha, Saurabh W.', 'Schwab, Josiah', 'Kromer, Markus', 'Toloza, Odette', 'Smith, Nathan', 'Gromadzki, Mariusz', 'Boubert, Douglas', 'Kerzendorf, Wolfgang E.', 'Miles, Broxton', 'Koester, Detlev']",2018/04/30,2018/07/18,['Solar and Stellar Astrophysics (astro-ph.SR)'],['High Energy Astrophysical Phenomena (astro-ph.HE)'],[],[]
['Charlie Wood'],2023-02-22,Physicists Use Quantum Mechanics to Pull Energy out of Nothing,1701.03805,Engineering negative stress-energy densities with quantum energy teleportation,"['Funai, Nicholas', 'Martin-Martinez, Eduardo']",2017/01/13,2017/01/13,['Quantum Physics (quant-ph)'],"['General Relativity and Quantum Cosmology (gr-qc)', 'High Energy Physics - Theory (hep-th)']",[],[]
['Charlie Wood'],2023-02-22,Physicists Use Quantum Mechanics to Pull Energy out of Nothing,2203.16269,Experimental activation of strong local passive states with quantum information,"['Katiyar, Hemant', 'Martín-Martínez, Eduardo', 'Laflamme, Raymond', 'Rodríguez-Briones, Nayeli A.']",2022/03/30,2022/03/30,['Quantum Physics (quant-ph)'],[],[],[]
['Charlie Wood'],2023-02-22,Physicists Use Quantum Mechanics to Pull Energy out of Nothing,2301.02666,First Realization of Quantum Energy Teleportation on Superconducting Quantum Hardware,"['Ikeda, Kazuki']",2023/01/07,2023/01/27,['Quantum Physics (quant-ph)'],"['Superconductivity (cond-mat.supr-con)', 'High Energy Physics - Theory (hep-th)', 'Applied Physics (physics.app-ph)', 'Optics (physics.optics)']",[],[]
['Charlie Wood'],2023-02-22,Physicists Use Quantum Mechanics to Pull Energy out of Nothing,2301.11884,Long-range quantum energy teleportation and distribution on a hyperbolic quantum network,"['Ikeda, Kazuki']",2023/01/27,2023/01/27,['Quantum Physics (quant-ph)'],"['Computers and Society (cs.CY)', 'Information Theory (cs.IT)', 'Networking and Internet Architecture (cs.NI)']",[],[]
"[""Jonathan O'Callaghan""]",2023-01-30,Astronomers Say They Have Spotted the Universe’s First Stars,2212.04476,A strong He II $\lambda$1640 emitter with extremely blue UV spectral slope at $z=8.16$: presence of Pop III stars?,"['Oguri, Masamune', 'Daddi, Emanuele', 'Brammer, Gabriel', 'Meng, Xiao-Lei', 'Jones, Tucker', 'Malkan, Matthew A.', 'Cheng, Cheng', 'Ge, Junqiang', 'Haro, Pablo Arrabal', 'Wang, Xin', 'Yan, Haojing']",2022/12/08,2022/12/08,['Astrophysics of Galaxies (astro-ph.GA)'],[],[],[]
"[""Jonathan O'Callaghan""]",2023-01-30,Astronomers Say They Have Spotted the Universe’s First Stars,2211.02038,On the observability and identification of Population III galaxies with JWST,"['Adams, Nathan J.', 'Trussler, James A. A.', 'Ferreira, Leonardo', 'Maiolino, Roberto', 'Nakajima, Kimihiko', 'Conselice, Christopher J.', 'Zackrisson, Erik']",2022/11/03,2022/11/03,['Astrophysics of Galaxies (astro-ph.GA)'],[],[],[]
['Stephen Ornes'],2023-03-16,The Unpredictable Abilities Emerging From Large AI Models,2001.08361,Scaling Laws for Neural Language Models,"['Henighan, Tom', 'Chess, Benjamin', 'Wu, Jeffrey', 'Brown, Tom B.', 'Child, Rewon', 'Gray, Scott', 'Kaplan, Jared', 'McCandlish, Sam', 'Amodei, Dario', 'Radford, Alec']",2020/01/23,2020/01/23,['Machine Learning (cs.LG)'],['Machine Learning (stat.ML)'],[],[]
['Stephen Ornes'],2023-03-16,The Unpredictable Abilities Emerging From Large AI Models,2110.08193,BBQ: A Hand-Built Bias Benchmark for Question Answering,"['Padmakumar, Vishakh', 'Phang, Jason', 'Parrish, Alicia', 'Chen, Angelica', 'Nangia, Nikita', 'Bowman, Samuel R.', 'Thompson, Jana', 'Htut, Phu Mon']",2021/10/15,2022/03/16,['Computation and Language (cs.CL)'],[],[],[]
['Stephen Ornes'],2023-03-16,The Unpredictable Abilities Emerging From Large AI Models,2302.07459,The Capacity for Moral Self-Correction in Large Language Models,"['Elhage, Nelson', 'Clark, Jack', 'Nguyen, Karina', 'Showk, Sheer El', 'Larson, Robin', 'Mann, Ben', 'Li, Dustin', 'Goldie, Anna', 'Drain, Dawn', 'Olsson, Catherine', 'Amodei, Dario', 'Landau, Joshua', 'Olah, Christopher', 'Ndousse, Kamal', 'Mirhoseini, Azalia', 'Sellitto, Michael', 'DasSarma, Nova', 'Kaplan, Jared', 'Hernandez, Danny', 'Joseph, Nicholas', 'Kravec, Shauna', 'Perez, Ethan', 'Henighan, Tom', 'Lanham, Tamera', 'Bai, Yuntao', 'Kernion, Jackson', 'Tran-Johnson, Eli', 'Kerr, Jamie', 'Kundu, Sandipan', 'Hatfield-Dodds, Zac', 'Ringer, Sam', 'Chen, Anna', 'Rausch, Oliver', 'Hume, Tristan', 'Mueller, Jared', 'Lukošiūtė, Kamilė', 'Liao, Thomas I.', 'Lovitt, Liane', 'Lasenby, Robert', 'Mercado, Noemi', 'Askell, Amanda', 'McCandlish, Sam', 'Brown, Tom', 'Bowman, Samuel R.', 'Kadavath, Saurav', 'Schiefer, Nicholas', 'Telleen-Lawton, Timothy', 'Johnston, Scott', 'Ganguli, Deep']",2023/02/15,2023/02/18,['Computation and Language (cs.CL)'],[],[],[]
['Thomas Lewton'],2023-03-07,"Black Holes Will Destroy All Quantum States, Researchers Argue",2112.10798,Gravitationally Mediated Entanglement: Newtonian Field vs. Gravitons,"['Satishchandran, Gautam', 'Danielson, Daine L.', 'Wald, Robert M.']",2021/12/20,2023/01/08,['Quantum Physics (quant-ph)'],"['General Relativity and Quantum Cosmology (gr-qc)', 'High Energy Physics - Theory (hep-th)']",[],[]
['Thomas Lewton'],2023-03-07,"Black Holes Will Destroy All Quantum States, Researchers Argue",1807.07015,Quantum Superposition of Massive Objects and the Quantization of Gravity,"['Giacomini, Flaminia', 'Brukner, Časlav', 'Wald, Robert M.', 'Aspelmeyer, Markus', 'Castro-Ruiz, Esteban', 'Belenchia, Alessio']",2018/07/18,2018/12/19,['Quantum Physics (quant-ph)'],"['General Relativity and Quantum Cosmology (gr-qc)', 'High Energy Physics - Theory (hep-th)']",[],[]
['Thomas Lewton'],2023-03-07,"Black Holes Will Destroy All Quantum States, Researchers Argue",2301.00026,Killing Horizons Decohere Quantum Superpositions,"['Satishchandran, Gautam', 'Danielson, Daine L.', 'Wald, Robert M.']",2022/12/30,2022/12/30,['High Energy Physics - Theory (hep-th)'],"['General Relativity and Quantum Cosmology (gr-qc)', 'Quantum Physics (quant-ph)']",[],[]
['Thomas Lewton'],2023-03-07,"Black Holes Will Destroy All Quantum States, Researchers Argue",1601.00921,Soft Hair on Black Holes,"['Hawking, Stephen W.', 'Perry, Malcolm J.', 'Strominger, Andrew']",2016/01/05,2016/01/05,['High Energy Physics - Theory (hep-th)'],[],[],[]
['Thomas Lewton'],2023-03-07,"Black Holes Will Destroy All Quantum States, Researchers Argue",2205.06279,Black Holes Decohere Quantum Superpositions,"['Satishchandran, Gautam', 'Danielson, Daine L.', 'Wald, Robert M.']",2022/05/12,2022/11/28,['High Energy Physics - Theory (hep-th)'],"['General Relativity and Quantum Cosmology (gr-qc)', 'Quantum Physics (quant-ph)']",[],[]
[],2023-03-08,Room-Temperature Superconductor Discovery Meets With Resistance,1808.07039,Superconductivity at 215 K in lanthanum hydride at high pressures,"['Besedin, S. P.', 'Kong, P. P.', 'Knyazev, D. A.', 'Eremets, M. I.', 'Minkov, V. S.', 'Drozdov, A. P.', 'Kuzovnikov, M. A.']",2018/08/21,2018/08/21,['Superconductivity (cond-mat.supr-con)'],['Materials Science (cond-mat.mtrl-sci)'],[],[]
[],2023-03-08,Room-Temperature Superconductor Discovery Meets With Resistance,1808.07695,Evidence for superconductivity above 260 K in lanthanum superhydride at megabar pressures,"['Struzhkin, Viktor V.', 'Meng, Yue', 'Somayazulu, Maddury', 'Hemley, Russell J.', 'Mishra, Ajay K', 'Ahart, Muhtar', 'Geballe, Zachary M.', 'Baldini, Maria']",2018/08/23,2018/08/29,['Materials Science (cond-mat.mtrl-sci)'],[],[],[]
[],2023-03-08,Room-Temperature Superconductor Discovery Meets With Resistance,2111.15017,Standard Superconductivity in Carbonaceous Sulfur Hydride,"['Salamat, Ashkan', 'Dias, Ranga P.']",2021/11/29,2021/12/25,['Superconductivity (cond-mat.supr-con)'],[],[],[]
[],2023-03-08,Room-Temperature Superconductor Discovery Meets With Resistance,2210.10766,"Vector graphics extraction and analysis of electrical resistance data in Nature volume 586, pages 373-377 (2020)","['Hamlin, James J.']",2022/10/19,2022/10/19,['Superconductivity (cond-mat.supr-con)'],[],[],[]
[],2023-03-08,Room-Temperature Superconductor Discovery Meets With Resistance,2302.08622,Observation of Conventional Near Room Temperature Superconductivity in Carbonaceous Sulfur Hydride,"['Salamat, Ashkan', 'Dias, Ranga P.', 'Lawler, Keith V.', 'Liu, Zhenxian', 'Snider, Elliot', 'Mostafaeipour, Faraz', 'Munasinghe, Sasanka', 'Cortés, Sergio Villa', 'McBride, Raymond', 'Kenney-Benson, Curtis', 'Pasan, Hiranya', 'Salke, Nilesh P.', 'Dasenbrock-Gammon, Nathan', 'Dissanayake, Sachith E.', 'Ahart, Muhtar', 'Khalvashi-Sutter, Nugzari', 'Prakapenka, Vitali', 'Xiao, Yuming', 'Somayazulu, Maddury', 'Hemley, Russell J.', 'Chariton, Stella', 'Smith, Dean', 'Smith, G. Alexander', 'Park, Changyong']",2023/02/16,2023/02/22,['Superconductivity (cond-mat.supr-con)'],[],[],[]
['Charlie Wood'],2023-01-27,How Quantum Physicists ‘Flipped Time’ (and How They Didn’t),0912.0195,Quantum computations without definite causal structure,"['Perinotti, P.', 'Valiron, B.', 'Chiribella, G.', ""D'Ariano, G. M.""]",2009/12/01,2013/10/27,['Quantum Physics (quant-ph)'],[],[],[]
['Charlie Wood'],2023-01-27,How Quantum Physicists ‘Flipped Time’ (and How They Didn’t),2012.03859,Quantum operations with indefinite time direction,"['Chiribella, Giulio', 'Liu, Zixuan']",2020/12/07,2022/05/25,['Quantum Physics (quant-ph)'],['Mathematical Physics (math-ph)'],[],[]
['Charlie Wood'],2023-01-27,How Quantum Physicists ‘Flipped Time’ (and How They Didn’t),2211.01283,Experimental superposition of time directions,"['Schiansky, Peter', 'Antesberger, Michael', 'Quintino, Marco Túlio', 'Brukner, Časlav', 'Agresti, Iris', 'Walther, Philip', 'Rozema, Lee', 'Strömberg, Teodor']",2022/11/02,2022/12/01,['Quantum Physics (quant-ph)'],[],[],[]
['Charlie Wood'],2023-01-27,How Quantum Physicists ‘Flipped Time’ (and How They Didn’t),2210.17046,Experimental demonstration of input-output indefiniteness in a single quantum device,"['Liu, Bi-Heng', 'Hu, Xiao-Min', 'Chiribella, Giulio', 'Tang, Hao', 'Huang, Yun-Feng', 'Li, Chuan-Feng', 'Guo, Guang-Can', 'Liu, Zixuan', 'Guo, Yu']",2022/10/31,2022/10/31,['Quantum Physics (quant-ph)'],[],[],[]
['Charlie Wood'],2023-01-27,How Quantum Physicists ‘Flipped Time’ (and How They Didn’t),2212.08265,Quantum communication through devices with indefinite input-output direction,"['Yang, Ming', 'Chiribella, Giulio', 'Liu, Zixuan']",2022/12/16,2023/03/14,['Quantum Physics (quant-ph)'],[],[],[]
['Leila Sloman'],2023-02-16,Quantum Field Theory Pries Open Mathematical Puzzle,2301.01121,The Euler characteristic of the moduli space of graphs,"['Vogtmann, Karen', 'Borinsky, Michael']",2023/01/03,2023/02/27,['Algebraic Topology (math.AT)'],"['Mathematical Physics (math-ph)', 'Group Theory (math.GR)']","18G85, 20F65, 20F28, 14T99, 20J06",[]
['Rachel Crowell'],2023-03-01,An Applied Mathematician Strengthens AI With Pure Math,2006.01510,Recht-R\'e Noncommutative Arithmetic-Geometric Mean Conjecture is False,"['Lai, Zehua', 'Lim, Lek-Heng']",2020/06/02,2020/06/02,['Optimization and Control (math.OC)'],"['Machine Learning (cs.LG)', 'Algebraic Geometry (math.AG)', 'Machine Learning (stat.ML)']","15A45, 47A13, 90C22, 13J30, 15B48, 68W20",[]
['Lyndie Chiou'],2023-03-28,"With AI, Astronomers Dig Up the Stars That Birthed the Milky Way",astro-ph/9911378,Where are the First Stars now?,"['Springel, Volker', 'White, Simon D. M.']",1999/11/19,1999/11/19,['Astrophysics (astro-ph)'],[],[],[]
['Lyndie Chiou'],2023-03-28,"With AI, Astronomers Dig Up the Stars That Birthed the Milky Way",2203.04980,From dawn till disk: Milky Way's turbulent youth revealed by the APOGEE+Gaia data,"['Kravtsov, Andrey', 'Belokurov, Vasily']",2022/03/09,2022/03/09,['Astrophysics of Galaxies (astro-ph.GA)'],[],[],[]
['Lyndie Chiou'],2023-03-28,"With AI, Astronomers Dig Up the Stars That Birthed the Milky Way",2203.04980,From dawn till disk: Milky Way's turbulent youth revealed by the APOGEE+Gaia data,"['Kravtsov, Andrey', 'Belokurov, Vasily']",2022/03/09,2022/03/09,['Astrophysics of Galaxies (astro-ph.GA)'],[],[],[]
['Lyndie Chiou'],2023-03-28,"With AI, Astronomers Dig Up the Stars That Birthed the Milky Way",2204.02989,Birth of the Galactic Disk Revealed by the H3 Survey,"['Ting, Yuan-Sen', 'Woody, Turner', 'Zaritsky, Dennis', 'Caldwell, Nelson', 'Cargile, Phillip', 'Naidu, Rohan P.', 'Buck, Tobias', 'Bonaca, Ana', 'Han, Jiwon Jesse', 'Johnson, James W.', 'Chandra, Vedant', 'Conroy, Charlie', 'Johnson, Benjamin D.', 'Speagle, Joshua S.', 'Weinberg, David H.']",2022/04/06,2022/04/06,['Astrophysics of Galaxies (astro-ph.GA)'],[],[],[]
['Erica Klarreich'],2023-01-19,Mathematicians Roll Dice and Get Rock-Paper-Scissors,2211.16156,The probability that a random triple of dice is transitive,"['Polymath, D. H. J.']",2022/11/29,2022/11/29,['Combinatorics (math.CO)'],['Probability (math.PR)'],[],[]
['Erica Klarreich'],2023-01-19,Mathematicians Roll Dice and Get Rock-Paper-Scissors,2011.10067,Intransitive dice tournament is not quasirandom,"['Cornacchia, Elisabetta', 'Hązła, Jan']",2020/11/19,2020/11/19,['Probability (math.PR)'],['Combinatorics (math.CO)'],[],[]
['Erica Klarreich'],2023-01-19,Mathematicians Roll Dice and Get Rock-Paper-Scissors,1311.6511,Intransitive Dice,"['Conrey, Brian', 'Grant, Katie', 'Morrison, Kent', 'Liu, Andrew', 'Gabbard, James']",2013/11/25,2016/07/07,['Combinatorics (math.CO)'],['Probability (math.PR)'],60C05,[]
['Erica Klarreich'],2023-01-19,Mathematicians Roll Dice and Get Rock-Paper-Scissors,2211.16156,The probability that a random triple of dice is transitive,"['Polymath, D. H. J.']",2022/11/29,2022/11/29,['Combinatorics (math.CO)'],['Probability (math.PR)'],[],[]
['Erica Klarreich'],2023-01-19,Mathematicians Roll Dice and Get Rock-Paper-Scissors,2011.10067,Intransitive dice tournament is not quasirandom,"['Cornacchia, Elisabetta', 'Hązła, Jan']",2020/11/19,2020/11/19,['Probability (math.PR)'],['Combinatorics (math.CO)'],[],[]
['Anil Ananthaswamy'],2023-01-05,The Physics Principle That Inspired Modern AI Art,1503.03585,Deep Unsupervised Learning using Nonequilibrium Thermodynamics,"['Weiss, Eric A.', 'Ganguli, Surya', 'Maheswaranathan, Niru', 'Sohl-Dickstein, Jascha']",2015/03/12,2015/11/18,['Machine Learning (cs.LG)'],"['Disordered Systems and Neural Networks (cond-mat.dis-nn)', 'Neurons and Cognition (q-bio.NC)', 'Machine Learning (stat.ML)']",[],[]
['Anil Ananthaswamy'],2023-01-05,The Physics Principle That Inspired Modern AI Art,1907.05600,Generative Modeling by Estimating Gradients of the Data Distribution,"['Ermon, Stefano', 'Song, Yang']",2019/07/12,2020/10/10,['Machine Learning (cs.LG)'],['Machine Learning (stat.ML)'],[],[]
['Anil Ananthaswamy'],2023-01-05,The Physics Principle That Inspired Modern AI Art,2006.11239,Denoising Diffusion Probabilistic Models,"['Jain, Ajay', 'Abbeel, Pieter', 'Ho, Jonathan']",2020/06/19,2020/12/16,['Machine Learning (cs.LG)'],['Machine Learning (stat.ML)'],[],[]
['Ben Brubaker'],2023-01-09,New Algorithm Closes Quantum Supremacy Window,2211.03999,A polynomial-time classical algorithm for noisy random circuit sampling,"['Liu, Yunchao', 'Gao, Xun', 'Vazirani, Umesh', 'Aharonov, Dorit', 'Landau, Zeph']",2022/11/08,2022/11/08,['Quantum Physics (quant-ph)'],[],[],[]
['Ben Brubaker'],2023-03-02,Cryptographers Show How to Hide Invisible Backdoors in AI,2204.06974,Planting Undetectable Backdoors in Machine Learning Models,"['Vaikuntanathan, Vinod', 'Goldwasser, Shafi', 'Kim, Michael P.', 'Zamir, Or']",2022/04/14,2022/04/14,['Machine Learning (cs.LG)'],['Cryptography and Security (cs.CR)'],[],[]
['Ben Brubaker'],2023-03-02,Cryptographers Show How to Hide Invisible Backdoors in AI,2005.09595,Continuous LWE,"['Tang, Yi', 'Song, Min Jae', 'Regev, Oded', 'Bruna, Joan']",2020/05/19,2020/10/24,['Computational Complexity (cs.CC)'],"['Data Structures and Algorithms (cs.DS)', 'Machine Learning (cs.LG)', 'Machine Learning (stat.ML)']",[],[]
['Jordana Cepelewicz'],2023-02-10,Mathematicians Complete Quest to Build ‘Spherical Cubes’,2301.02862,An integer parallelotope with small surface area,"['Regev, Oded', 'Naor, Assaf']",2023/01/07,2023/01/07,['Metric Geometry (math.MG)'],"['Combinatorics (math.CO)', 'Functional Analysis (math.FA)']",[],[]
['Jordana Cepelewicz'],2023-02-10,Mathematicians Complete Quest to Build ‘Spherical Cubes’,2011.04071,Optimal tiling of the Euclidean space using symmetric bodies,"['Minzer, Dor', 'Braverman, Mark']",2020/11/08,2020/11/08,['Computational Complexity (cs.CC)'],['Metric Geometry (math.MG)'],[],[]
['Charlie Wood'],2023-03-23,Wormhole Experiment Called Into Question,1608.05687,Traversable Wormholes via a Double Trace Deformation,"['Wall, Aron C.', 'Jafferis, Daniel Louis', 'Gao, Ping']",2016/08/19,2019/09/24,['High Energy Physics - Theory (hep-th)'],[],[],[]
['Charlie Wood'],2023-03-23,Wormhole Experiment Called Into Question,1911.06314,Quantum Gravity in the Lab: Teleportation by Size and Traversable Wormholes,"['Gharibyan, Hrant', 'Salton, Grant', 'Walter, Michael', 'Swingle, Brian', 'Leichenauer, Stefan', 'Nezami, Sepehr', 'Brown, Adam R.', 'Susskind, Leonard', 'Lin, Henry W.']",2019/11/14,2021/02/01,['Quantum Physics (quant-ph)'],['High Energy Physics - Theory (hep-th)'],[],[]
['Charlie Wood'],2023-03-23,Wormhole Experiment Called Into Question,1503.01409,A bound on chaos,"['Maldacena, Juan', 'Shenker, Stephen H.', 'Stanford, Douglas']",2015/03/04,2015/03/04,['High Energy Physics - Theory (hep-th)'],"['Statistical Mechanics (cond-mat.stat-mech)', 'Chaotic Dynamics (nlin.CD)', 'Quantum Physics (quant-ph)']",[],[]
['Charlie Wood'],2023-03-23,Wormhole Experiment Called Into Question,2102.01064,"Quantum Gravity in the Lab: Teleportation by Size and Traversable Wormholes, Part II","['Gharibyan, Hrant', 'Salton, Grant', 'Walter, Michael', 'Swingle, Brian', 'Leichenauer, Stefan', 'Nezami, Sepehr', 'Brown, Adam R.', 'Susskind, Leonard', 'Lin, Henry W.']",2021/02/01,2021/02/01,['Quantum Physics (quant-ph)'],['High Energy Physics - Theory (hep-th)'],[],[]
['Charlie Wood'],2023-03-23,Wormhole Experiment Called Into Question,2102.00010,Many-body quantum teleportation via operator spreading in the traversable wormhole protocol,"['Cong, Iris', 'Schuster, Thomas', 'Yoshida, Beni', 'Gao, Ping', 'Khabiboulline, Emil T.', 'Kobrin, Bryce', 'Linke, Norbert M.', 'Yao, Norman Y.', 'Lukin, Mikhail D.', 'Monroe, Christopher']",2021/01/29,2022/08/05,['Quantum Physics (quant-ph)'],"['Quantum Gases (cond-mat.quant-gas)', 'General Relativity and Quantum Cosmology (gr-qc)', 'High Energy Physics - Theory (hep-th)']",[],[]
['Charlie Wood'],2023-03-23,Wormhole Experiment Called Into Question,2205.14081,Towards Quantum Gravity in the Lab on Quantum Processors,"['de Jong, Wibe', 'Urbanek, Miro', 'Swingle, Brian', 'Su, Vincent Paul', 'Shapoval, Illya']",2022/05/27,2022/05/27,['Quantum Physics (quant-ph)'],"['Emerging Technologies (cs.ET)', 'General Relativity and Quantum Cosmology (gr-qc)', 'High Energy Physics - Theory (hep-th)']",[],[]
['Charlie Wood'],2023-03-23,Wormhole Experiment Called Into Question,2008.02303,A Sparse Model of Quantum Holography,"['Susskind, Leonard', 'Su, Yuan', 'Xu, Shenglong', 'Swingle, Brian']",2020/08/05,2020/08/05,['Strongly Correlated Electrons (cond-mat.str-el)'],"['High Energy Physics - Theory (hep-th)', 'Quantum Physics (quant-ph)']",[],[]
['Charlie Wood'],2023-03-23,Wormhole Experiment Called Into Question,2302.07897,"Comment on ""Traversable wormhole dynamics on a quantum processor""","['Schuster, Thomas', 'Yao, Norman Y.', 'Kobrin, Bryce']",2023/02/15,2023/02/15,['Quantum Physics (quant-ph)'],"['Quantum Gases (cond-mat.quant-gas)', 'General Relativity and Quantum Cosmology (gr-qc)', 'High Energy Physics - Theory (hep-th)']",[],[]
['Charlie Wood'],2023-02-06,How Our Reality May Be a Sum of All Possible Realities,1903.11115,JT gravity as a matrix integral,"['Saad, Phil', 'Shenker, Stephen H.', 'Stanford, Douglas']",2019/03/26,2019/03/26,['High Energy Physics - Theory (hep-th)'],[],[],[]
['Steve Nadis'],2023-02-07,Researchers Discover a More Flexible Approach to Machine Learning,2006.04439,Liquid Time-constant Networks,"['Lechner, Mathias', 'Hasani, Ramin', 'Amini, Alexander', 'Grosu, Radu', 'Rus, Daniela']",2020/06/08,2020/12/14,['Machine Learning (cs.LG)'],"['Neural and Evolutionary Computing (cs.NE)', 'Machine Learning (stat.ML)']",[],[]
